repo_id,language,stars,forks,open_issues,commits,contributors,size_kb,created_at,last_push
repo_1,Kotlin,44,13,10,297,39,37264,2023-09-10,2028-02-18
repo_2,JavaScript,38,11,2,304,17,42151,2024-08-08,2026-05-22
repo_3,Python,54,12,7,265,34,13418,2017-05-10,2019-03-12
repo_4,Java,62,8,4,307,41,17300,2018-07-18,2022-11-15
repo_5,Python,44,9,2,286,29,182,2018-02-04,2021-11-30
repo_6,Python,43,6,4,287,9,2020,2017-12-31,2019-05-09
repo_7,Python,53,7,5,312,13,40685,2023-06-20,2027-12-23
repo_8,Kotlin,53,11,8,332,6,11783,2019-06-27,2024-10-20
repo_9,Python,55,15,8,323,6,11436,2020-12-09,2023-11-12
repo_10,Java,51,13,7,307,20,15696,2016-04-11,2020-03-05
repo_11,Python,40,4,3,318,3,2193,2018-05-23,2021-11-13
repo_12,Kotlin,39,15,5,312,17,13005,2015-11-27,2020-05-23
repo_13,Python,42,7,4,272,49,24451,2019-01-22,2020-09-09
repo_14,JavaScript,56,7,6,258,12,31081,2020-11-05,2022-01-28
repo_15,Java,47,8,4,307,48,8467,2024-06-06,2025-10-03
repo_16,Python,53,7,6,318,47,5385,2023-09-07,2025-06-13
repo_17,Python,45,9,7,324,45,43764,2022-12-29,2024-09-08
repo_18,Python,63,7,3,274,1,37805,2015-05-11,2018-03-17
repo_19,JavaScript,51,11,3,312,17,16853,2019-08-13,2024-01-28
repo_20,Python,52,9,5,310,3,18585,2024-04-03,2026-01-24
repo_21,JavaScript,53,15,1,290,26,13077,2017-02-08,2019-03-07
repo_22,Python,54,11,6,307,15,19974,2021-07-19,2022-05-03
repo_23,Python,41,15,4,310,36,7774,2019-02-24,2023-01-31
repo_24,Python,57,11,3,274,32,29138,2024-07-17,2026-07-07
repo_25,Python,57,13,5,309,32,29415,2022-10-24,2024-07-22
repo_26,JavaScript,43,7,7,320,4,3776,2021-08-30,2022-04-21
repo_27,Python,43,10,7,299,18,2526,2018-04-30,2019-06-19
repo_28,Java,46,14,5,311,49,24573,2017-08-13,2020-03-07
repo_29,Python,48,7,9,284,19,3062,2021-05-13,2022-09-23
repo_30,Python,47,8,7,295,43,30043,2018-03-30,2020-11-27
repo_31,JavaScript,50,9,2,280,35,959,2016-04-04,2017-12-28
repo_32,JavaScript,47,8,10,320,40,44916,2024-04-08,2028-11-06
repo_33,Java,48,11,4,285,14,4238,2015-01-22,2017-11-06
repo_34,Ruby,52,14,7,284,33,35292,2021-04-19,2021-08-11
repo_35,Python,41,8,5,314,14,25740,2017-01-17,2019-08-06
repo_36,Ruby,52,10,7,311,34,10509,2022-12-14,2024-10-17
repo_37,Python,51,10,8,298,4,4117,2024-12-11,2029-09-12
repo_38,Java,54,13,5,303,24,10551,2016-04-19,2019-09-28
repo_39,Python,44,8,4,301,29,28427,2017-12-18,2022-03-30
repo_40,JavaScript,51,13,6,286,19,10378,2022-01-02,2024-11-01
repo_41,JavaScript,48,15,10,289,6,25044,2020-08-09,2021-03-02
repo_42,JavaScript,39,9,4,311,33,43864,2024-09-17,2029-05-16
repo_43,Python,47,7,4,280,49,1234,2022-07-10,2023-03-13
repo_44,JavaScript,54,10,3,318,40,30231,2017-09-02,2022-01-01
repo_45,JavaScript,50,8,5,288,19,37987,2019-12-12,2022-01-07
repo_46,Java,39,15,2,274,1,38562,2015-07-09,2018-09-01
repo_47,Python,51,17,8,315,5,22620,2023-03-25,2023-08-18
repo_48,Python,65,9,6,305,27,21969,2022-06-27,2022-10-22
repo_49,C++,51,5,6,304,16,37032,2023-03-25,2028-07-10
repo_50,Python,58,6,4,292,6,5139,2016-07-16,2020-05-21
repo_51,Ruby,44,11,6,271,40,21381,2020-03-14,2021-04-29
repo_52,Python,60,15,3,319,13,47499,2024-12-17,2029-07-31
repo_53,C++,50,8,4,303,48,10542,2018-06-21,2022-11-14
repo_54,C++,52,9,4,303,35,8352,2022-11-19,2023-11-16
repo_55,Python,60,14,5,336,19,27686,2019-03-09,2023-05-19
repo_56,JavaScript,61,13,2,294,12,17668,2023-10-08,2024-02-21
repo_57,JavaScript,47,14,3,309,16,20910,2024-09-26,2028-01-07
repo_58,Kotlin,50,5,7,332,43,1651,2016-10-08,2020-05-12
repo_59,Python,54,7,8,309,10,12725,2020-08-30,2023-04-14
repo_60,Python,46,10,5,287,25,34497,2022-11-28,2027-01-10
repo_61,JavaScript,45,12,1,282,20,26349,2021-01-23,2021-02-10
repo_62,C++,51,7,7,277,31,1461,2018-07-21,2019-01-31
repo_63,Python,56,9,7,336,4,26249,2021-09-01,2022-07-27
repo_64,Java,55,10,3,299,44,4470,2016-08-23,2022-01-03
repo_65,Kotlin,44,10,7,300,23,5383,2021-06-21,2021-12-12
repo_66,Python,49,9,2,322,2,7710,2020-08-23,2023-05-21
repo_67,JavaScript,51,12,4,275,22,43426,2015-08-30,2016-11-20
repo_68,C++,51,6,5,315,37,15024,2020-08-03,2025-12-03
repo_69,JavaScript,62,8,6,321,8,47707,2022-09-25,2025-04-27
repo_70,JavaScript,54,7,3,303,7,44817,2024-05-10,2028-02-16
repo_71,Python,42,10,8,311,14,10726,2022-02-25,2026-04-27
repo_72,JavaScript,54,14,4,322,3,34861,2023-01-24,2023-06-13
repo_73,JavaScript,68,13,7,307,16,969,2018-09-25,2020-10-21
repo_74,Python,48,7,2,313,19,31652,2020-11-09,2026-02-11
repo_75,Python,46,13,5,295,18,1114,2018-10-22,2021-05-08
repo_76,Ruby,53,14,7,277,16,10203,2023-03-23,2023-06-23
repo_77,JavaScript,44,15,5,360,8,17086,2019-01-18,2024-06-07
repo_78,Python,47,6,3,309,33,44881,2024-07-31,2025-03-26
repo_79,Ruby,49,8,7,304,49,30571,2021-12-31,2022-07-23
repo_80,Ruby,45,6,4,318,12,33558,2017-02-14,2018-08-27
repo_81,JavaScript,52,10,4,302,11,25169,2015-02-04,2019-01-30
repo_82,Kotlin,41,8,3,310,5,16973,2021-03-03,2021-11-02
repo_83,Python,64,12,8,328,27,23348,2023-08-19,2025-11-27
repo_84,Python,52,10,5,291,12,23724,2020-05-09,2024-01-09
repo_85,JavaScript,38,4,3,288,17,43616,2019-05-05,2021-11-14
repo_86,C++,51,19,5,323,6,29161,2024-06-21,2025-04-11
repo_87,Kotlin,48,5,3,295,33,24270,2023-06-01,2025-03-01
repo_88,Python,47,13,4,298,5,8124,2017-10-18,2020-02-20
repo_89,Kotlin,48,10,2,285,28,16778,2024-06-23,2028-01-19
repo_90,Kotlin,51,11,4,321,14,38356,2022-02-26,2022-03-14
repo_91,Kotlin,31,12,3,269,5,20511,2018-02-03,2018-04-14
repo_92,C++,54,11,7,293,33,43903,2019-02-09,2022-08-24
repo_93,JavaScript,52,10,4,297,48,19396,2016-12-03,2020-08-12
repo_94,JavaScript,56,6,5,292,41,26393,2021-09-15,2026-09-06
repo_95,Python,44,7,4,285,19,27272,2022-08-09,2023-06-09
repo_96,Kotlin,44,9,5,303,22,21228,2019-04-29,2023-05-12
repo_97,Ruby,56,12,4,308,5,18357,2015-06-11,2018-04-06
repo_98,Python,45,9,6,324,2,12955,2015-07-21,2019-03-19
repo_99,Python,50,11,9,302,30,19742,2020-06-04,2022-08-29
repo_100,Python,58,9,3,305,47,35685,2017-09-22,2020-10-22
repo_101,Python,38,10,8,284,39,20125,2021-05-06,2023-08-04
repo_102,Ruby,52,10,5,326,4,4558,2017-03-26,2017-10-04
repo_103,Python,48,9,1,334,33,5407,2024-02-25,2029-01-05
repo_104,Java,53,13,3,299,13,41801,2016-03-31,2020-08-14
repo_105,Python,61,12,5,309,20,18525,2024-09-03,2026-02-13
repo_106,Python,53,10,4,301,7,49931,2018-06-29,2018-12-16
repo_107,Python,39,14,6,307,15,43527,2017-10-13,2022-01-20
repo_108,JavaScript,51,9,5,315,23,28373,2021-06-01,2022-02-06
repo_109,JavaScript,61,4,5,312,14,38606,2022-07-30,2027-06-22
repo_110,Python,50,3,4,326,23,5768,2015-12-04,2019-10-14
repo_111,JavaScript,57,11,9,290,19,26034,2017-05-28,2020-10-09
repo_112,JavaScript,58,9,6,327,29,47295,2017-12-12,2019-06-05
repo_113,JavaScript,36,8,7,307,20,7797,2017-03-02,2021-09-09
repo_114,Python,52,12,3,338,29,24517,2021-03-14,2022-05-03
repo_115,JavaScript,43,10,2,312,24,16546,2017-02-02,2019-04-06
repo_116,Ruby,47,11,3,265,18,40697,2021-02-13,2024-12-17
repo_117,Python,49,15,2,300,10,10851,2016-01-15,2019-03-27
repo_118,Kotlin,48,5,7,258,41,46318,2016-05-07,2016-05-31
repo_119,Python,42,13,2,290,8,7452,2023-07-10,2028-07-28
repo_120,Python,48,14,5,293,26,13616,2018-03-26,2020-01-22
repo_121,JavaScript,52,12,5,332,29,23399,2020-08-24,2023-08-25
repo_122,JavaScript,57,9,7,302,10,32057,2015-03-06,2016-11-26
repo_123,Kotlin,47,6,5,298,17,29027,2022-01-12,2027-02-02
repo_124,Python,51,9,6,322,2,41194,2018-09-29,2023-10-29
repo_125,Python,47,17,7,326,6,36512,2018-02-26,2021-03-18
repo_126,JavaScript,41,13,3,301,5,29593,2020-07-20,2021-12-06
repo_127,C++,46,7,6,308,28,26811,2022-05-19,2026-10-26
repo_128,Java,50,11,8,307,41,8103,2019-02-04,2020-01-05
repo_129,Ruby,50,7,3,295,5,31807,2023-08-01,2024-09-28
repo_130,Python,47,15,6,301,18,3378,2018-03-08,2019-07-19
repo_131,Python,59,11,5,298,26,7396,2019-03-03,2022-12-19
repo_132,Kotlin,51,14,3,282,20,25498,2022-03-25,2024-10-26
repo_133,JavaScript,44,9,4,319,41,35942,2016-01-27,2017-10-17
repo_134,Ruby,51,10,6,293,49,13361,2019-08-26,2024-06-28
repo_135,Python,36,14,6,295,27,11273,2016-02-23,2019-06-29
repo_136,JavaScript,41,12,7,321,49,30549,2021-05-25,2023-05-12
repo_137,JavaScript,58,7,6,290,12,41180,2016-01-14,2019-12-20
repo_138,Ruby,47,12,5,298,7,1737,2019-12-02,2020-11-04
repo_139,Java,39,14,2,321,3,31881,2024-10-01,2026-07-21
repo_140,Python,43,15,5,319,10,13752,2021-03-28,2023-11-14
repo_141,Python,58,12,9,294,34,5203,2023-05-24,2028-10-04
repo_142,Python,51,10,3,317,25,25600,2020-09-19,2021-11-21
repo_143,Python,47,7,9,317,35,49896,2023-06-27,2028-06-06
repo_144,Python,47,6,2,301,16,34900,2020-12-22,2023-06-08
repo_145,Python,50,7,1,287,2,35629,2015-07-20,2015-12-05
repo_146,C++,55,18,4,295,24,48063,2020-02-07,2024-10-19
repo_147,Kotlin,52,14,3,341,10,18552,2017-02-18,2019-09-17
repo_148,Java,47,13,4,301,38,49493,2023-02-25,2024-08-19
repo_149,Python,61,15,5,307,22,31274,2023-07-02,2023-08-27
repo_150,JavaScript,44,10,1,249,26,35536,2023-07-17,2026-12-23
repo_151,Python,46,7,3,297,43,47506,2016-05-17,2018-03-05
repo_152,Python,47,5,5,294,39,16054,2021-09-20,2022-11-28
repo_153,Python,58,11,3,296,27,17286,2024-12-24,2026-01-11
repo_154,Python,57,9,12,327,29,12456,2019-10-18,2021-04-29
repo_155,C++,58,13,2,360,47,33063,2017-03-15,2017-09-24
repo_156,Java,52,8,3,320,38,2287,2020-11-16,2025-09-10
repo_157,JavaScript,50,9,4,279,20,11807,2022-06-24,2027-01-20
repo_158,JavaScript,57,9,9,285,27,35198,2020-03-10,2021-08-25
repo_159,Python,51,17,5,311,41,27035,2022-08-05,2024-01-04
repo_160,Python,58,10,3,296,20,21325,2019-04-20,2021-04-04
repo_161,Python,43,9,3,320,44,3706,2017-08-18,2019-09-07
repo_162,JavaScript,51,11,4,296,19,32928,2022-04-14,2022-10-15
repo_163,Java,56,9,4,320,20,26589,2019-01-25,2024-04-03
repo_164,Java,50,7,7,314,35,14487,2022-05-14,2023-03-01
repo_165,JavaScript,46,6,6,325,47,4027,2017-10-25,2021-07-14
repo_166,Python,47,16,3,284,2,6396,2024-01-03,2026-01-03
repo_167,Java,51,14,6,289,30,30544,2016-05-17,2016-09-09
repo_168,Python,43,13,6,293,34,46490,2022-09-15,2024-12-17
repo_169,Java,38,7,4,324,22,46993,2016-02-02,2019-01-09
repo_170,Kotlin,49,9,7,273,3,2691,2017-05-20,2019-04-04
repo_171,Java,57,8,4,315,6,44995,2022-10-13,2023-01-02
repo_172,JavaScript,58,12,7,318,15,48616,2016-01-28,2018-05-10
repo_173,Python,48,14,3,298,27,26247,2015-07-26,2016-06-22
repo_174,JavaScript,47,11,4,289,10,38989,2017-11-04,2019-05-14
repo_175,Python,55,10,7,295,9,1300,2020-02-25,2021-01-24
repo_176,Python,56,7,8,302,33,15821,2024-12-04,2026-05-19
repo_177,Ruby,55,6,2,265,32,19338,2023-01-18,2028-06-23
repo_178,C++,58,10,9,312,48,11187,2019-01-24,2019-09-01
repo_179,Kotlin,44,13,6,284,6,30916,2024-12-25,2026-09-20
repo_180,Python,61,7,4,297,41,23508,2017-05-13,2022-03-17
repo_181,Java,52,11,7,262,36,39840,2022-08-22,2027-06-13
repo_182,Python,49,10,2,290,2,236,2024-01-26,2024-12-13
repo_183,JavaScript,61,6,2,307,29,17513,2016-07-17,2021-09-03
repo_184,Python,51,8,3,314,4,48214,2017-10-17,2017-10-19
repo_185,C++,52,6,5,326,1,19078,2015-04-06,2019-12-18
repo_186,Python,48,12,7,287,19,761,2020-04-07,2020-10-29
repo_187,Ruby,36,11,4,277,26,35340,2019-10-24,2024-11-21
repo_188,Python,51,12,4,285,25,27353,2021-12-07,2022-01-15
repo_189,C++,46,6,5,302,10,26984,2024-07-10,2024-09-06
repo_190,Python,54,11,5,294,15,32954,2021-03-28,2023-11-03
repo_191,Python,60,10,4,313,22,10804,2022-08-28,2024-03-23
repo_192,JavaScript,55,8,5,288,48,39087,2019-08-06,2021-05-10
repo_193,Java,54,16,6,288,21,24627,2023-11-17,2028-01-25
repo_194,Java,41,10,5,299,22,16422,2016-06-24,2020-11-05
repo_195,Ruby,55,5,7,339,36,47617,2017-11-25,2023-02-14
repo_196,JavaScript,56,9,8,277,34,7068,2022-01-16,2024-05-07
repo_197,Java,51,21,4,315,30,27618,2018-03-29,2021-05-17
repo_198,Python,49,17,5,297,25,46464,2019-09-19,2023-10-30
repo_199,Python,50,15,6,282,45,27986,2024-01-28,2025-10-07
repo_200,JavaScript,50,11,9,317,28,1800,2023-08-24,2023-11-27
